x1,x2,T,ln_gamma1,ln_gamma2,gamma1,gamma2
0.37704931647041523,0.6229506835295848,365.32863827419266,0.39554726852763183,0.281817401463028,1.4851967700007167,1.3255366568330353
0.9417000202817178,0.05829997971828216,354.6383654001167,-0.0069328083385298105,0.8155559596470601,0.9930911681370999,2.26043203206944
0.727354062975177,0.272645937024823,358.3532083747735,0.043159496785284794,0.6522563096817177,1.0441044128680694,1.9198677619467828
0.5966853145130959,0.4033146854869041,359.654859285129,0.12519973433424703,0.4988194453986986,1.133374804323009,1.6467760136847267
0.1628982676335878,0.8371017323664122,368.72483783438446,0.9526708042139512,0.0661481486394812,2.5926248139715034,1.0683849852241083
0.1628746299294786,0.8371253700705215,370.11568343353326,0.9464863523883985,0.04337888809986212,2.576640329292599,1.0443335054373057
0.06692193992483547,0.9330780600751645,370.38090679360664,1.319960371161062,0.05057550587229129,3.7432730327574055,1.0518762831929385
0.8588526228594364,0.14114737714056358,356.38729948094755,0.027542932900455203,0.754121748359824,1.0279257459936404,2.125743765346076
0.5990927115083446,0.40090728849165536,361.35908291656557,0.12881575572961138,0.5093366672855577,1.1374805305876772,1.6641869191088412
0.7039111262401245,0.29608887375987547,357.4411484647966,0.05327230468203131,0.6328005185684604,1.0547168103450377,1.8828762323940924
0.0301728044098864,0.9698271955901137,370.78362425543503,1.4555865478590089,-0.02479296651567214,4.286997257363342,0.9755118547414499
0.9605116551187545,0.03948834488124553,353.7087950408444,0.003002839186002919,0.7684266480854249,1.0030073522237697,2.156370853194922
0.8257937879844133,0.17420621201558673,355.1570246448848,0.0320878004141821,0.7551889832628155,1.0326081647496446,2.1280136443188544
0.21809232846471063,0.7819076715352894,369.66611740071244,0.7458623901903899,0.08468708035417488,2.1082587929340875,1.0883764390368067
0.18818846786295862,0.8118115321370414,367.4812920119726,0.8609163897746959,0.05361491341210256,2.365327262560624,1.0550782274408057
0.18973641965636515,0.8102635803436349,368.4428314914859,0.8407778402926034,0.0864274355994167,2.318169441271962,1.090272249894959
0.308157398100347,0.6918426018996531,366.4836360308456,0.5274614453149201,0.20516410452349504,1.6946249455983082,1.2277265239087516
0.5242613029995931,0.47573869700040694,361.84672338382353,0.1954721978974751,0.4433364167271894,1.2158849892931225,1.55789634858415
0.43330611826927345,0.5666938817307265,363.31885706799096,0.29222161611735864,0.340613391656082,1.3393998173373898,1.4058096380522176
0.29540455739408106,0.7045954426059189,367.3773412647656,0.5576752241976665,0.15340939645668622,1.7466073063927006,1.165802156530747
0.6096158368279319,0.39038416317206814,358.8841967032927,0.06613591682258582,0.5001806913352291,1.0683719170145194,1.6490192072644188
0.146703983439001,0.853296016560999,369.8314792735243,1.0068636932904789,0.07677989240583341,2.737003457467995,1.0798043770902372
0.29630175556451377,0.7036982444354862,366.8553626237401,0.567519469672668,0.1629894563419708,1.763886246991239,1.1770242794815478
0.3690346064278179,0.6309653935721822,365.6748396048965,0.44224392340163,0.24177567758705923,1.5561952865900366,1.273508484275885
0.4569485845326952,0.5430514154673047,363.968678022956,0.2473868934443356,0.3752096367853338,1.280674501509726,1.4552964663149615
0.7794724421651533,0.22052755783484668,355.14977953528654,0.020784510556816953,0.7081704653569633,1.0210020127751325,2.030273403185138
0.20568030651519253,0.7943196934848075,367.16290719321046,0.804265925616072,0.09697542076043097,2.2350551997071024,1.1018332910637514
0.5139497496453393,0.48605025035466065,363.3006647420769,0.21284369237551873,0.45996170822877464,1.237191253703344,1.5840133291571614
0.5905662774848016,0.4094337225151984,360.69655410443363,0.1059313991112066,0.4939888793396053,1.111745607153725,1.6388403357056065
0.05552140446559777,0.9444785955344023,371.1994750567633,1.352609906717511,0.02570866624809701,3.8675062005837315,1.0260419842654884
0.6053939548634096,0.39460604513659037,361.5943728527297,0.10858561823162935,0.5249673403549358,1.1147003431249876,1.6904036394946638
0.1771136412135457,0.8228863587864543,369.43116430201957,0.8928709711665593,0.07197112710346047,2.442130883664744,1.0746243160991846
0.07375056112557392,0.9262494388744261,372.73259753569516,1.2612692393477885,0.043027861795116744,3.5298989319079954,1.0439669812395511
0.9399078265082665,0.06009217349173346,352.86851403750615,0.004161113617766705,0.7940648173899082,1.0041697830717267,2.2123710581289733
0.9563193924130682,0.04368060758693182,354.5064330791391,0.021569489778533003,0.7979735716514401,1.0218037927896462,2.221035595672892
0.8022294011541319,0.19777059884586812,357.53707430745624,-0.00878115265549098,0.7360650242968775,0.991257289062334,2.087704264674618
0.3085214937899033,0.6914785062100968,366.2215455109695,0.5287094943753399,0.17452385189211989,1.6967412410149794,1.1906791419967653
0.10571867172625618,0.8942813282737438,371.83276170808085,1.1286134195554471,0.0082368969777048,3.0913670978464802,1.0082709135464627
0.6805483659819137,0.3194516340180863,359.0615038260767,0.07467167103060984,0.5846727079937302,1.0775303083838002,1.7944035955682547
0.4413494438648093,0.5586505561351907,364.96341609785924,0.24574064307963972,0.29084349302871915,1.278567925096413,1.3375552308497516
0.12959747014788325,0.8704025298521167,369.3792913107182,1.0419258167242327,0.07807512700825071,2.8346708176214803,1.081203883232022
0.4952733719090448,0.5047266280909553,363.1133829581676,0.21074657097978697,0.3722872363648222,1.2345994320867584,1.4510497156851674
0.04370075069291403,0.956299249307086,373.26230323434794,1.429780877841452,4.2236989863208944e-05,4.177783646648181,1.0000422378818574
0.9011339940372064,0.0988660059627936,351.8817095426714,5.501553130806639e-05,0.7660363912553658,1.0000550170446902,2.151222728156527
0.2636043819680166,0.7363956180319834,366.2597066177267,0.6249674948727987,0.1439386738803265,1.8681852308467009,1.1548132861355185
0.6592718386669023,0.3407281613330977,356.8375325151015,0.09938367723703131,0.599591904333526,1.1044899859404087,1.821375353313352
0.31547685456762276,0.6845231454323772,366.0505192641664,0.4812805874577042,0.20620145503321483,1.6181452524725062,1.2290007674484502
0.5196666607542546,0.4803333392457454,362.6167590504664,0.1309420324213652,0.41182005255016485,1.1399017020552318,1.5095627699158263
0.545776073756414,0.454223926243586,362.8363050552697,0.15649252007193973,0.45116267217659145,1.1694020152433817,1.5701366788707625
0.19115736641501652,0.8088426335849834,369.08553779753464,0.8341236461575726,0.08239986864938904,2.3027951004252856,1.0858899363692092
0.9601929352092674,0.039807064790732594,353.99043849829064,-0.020354161430236526,0.7828383711307099,0.9798515862087604,2.1876728890716413
0.7696301668938923,0.2303698331061077,355.10740542853233,0.03291149858921005,0.7211453426749009,1.0334590726079826,2.0567875887002276
0.9307089627329054,0.06929103726709462,351.29676851747746,0.005318936496812159,0.7913670304801508,1.0053331071526734,2.206410596092103
0.8869308034190958,0.1130691965809042,353.89240040707995,-0.009195475553193388,0.7802397376322274,0.9908466735395417,2.181995309188024
0.5959419792348635,0.4040580207651365,360.6319215985045,0.07799629243135245,0.5262935181372501,1.0811186503410404,1.6926469023984387
0.9134367503226545,0.08656324967734552,353.34139960742044,0.018350072010903894,0.7996244658289744,1.0185194691457937,2.2247053187346317
0.0967226520108811,0.903277347989119,368.9885124839245,1.1906144705096655,0.02470075128580934,3.289101642533267,1.025008342196771
0.2020632051707623,0.7979367948292377,368.68621156854016,0.8083215630614403,0.05909731081315303,2.2441381794540067,1.0608784706640204
0.05432274313232731,0.9456772568676727,370.6694431106802,1.3891200735535667,0.014845880741431252,4.011318834088403,1.0149566281980789
0.32882372414799904,0.671176275852001,366.7006389210258,0.4593955477216911,0.18995660456871363,1.5831167771876058,1.2091971228880192
0.3909037438956924,0.6090962561043076,365.05353219075505,0.32814683586431626,0.2609231103352973,1.3883928231829377,1.2981278489812629
0.275922051138418,0.724077948861582,366.23640780652585,0.5906702037051327,0.16117679468526494,1.8051978603598495,1.174892665232489
0.8221627589688908,0.1778372410311092,354.83630935098677,0.007567116820212472,0.7535066033741765,1.0075958198026271,2.1244365268398795
0.3596182601597175,0.6403817398402825,364.3050511456531,0.4220986595896438,0.23675685401981508,1.525158988820771,1.267132982024878
0.28531581949363316,0.7146841805063668,366.9102334106896,0.576327402899558,0.16473660031439968,1.7794910614719606,1.179082507843921
0.5418421614950835,0.45815783850491654,362.3742595241327,0.1586403976739867,0.4838919920667041,1.1719164470188892,1.6223764066661193
0.1481057404752674,0.8518942595247326,368.9577846723749,0.9620034770546032,0.05241619403997502,2.6169341924541754,1.0538142424634562
0.7961530411389589,0.2038469588610411,356.4173331748594,0.041766546178232736,0.7621035889271623,1.0426510394660202,2.1427790090250793
0.0830596308061754,0.9169403691938246,370.82150137467386,1.2304719500852421,0.02700825453622023,3.4228445669379073,1.02737628324323
0.977149197868507,0.022850802131493042,351.2018470338845,0.02235480289267643,0.7544388164089892,1.0226065438724259,2.1264178776388665
0.7667998739107242,0.23320012608927576,356.44175236987826,0.026311634432674876,0.7017029788672109,1.0266608414949019,2.017185007512795
0.20474136790348896,0.795258632096511,367.6821070624701,0.8112660195985587,0.09474427882164521,2.250755684483619,1.0993776850199894
0.015411674781130352,0.9845883252188696,372.26268793564134,1.5382547384680545,0.026361547471584333,4.65645644092084,1.0267120865363175
0.8091521998857375,0.1908478001142625,354.4339769798849,0.019486701377834193,0.7331224639829156,1.0196778064606122,2.0815700984612646
0.7027201969706648,0.2972798030293352,359.9008328685015,0.05364789123873964,0.6251635749502271,1.0551130222014036,1.8685515806671926
0.7244270246801675,0.2755729753198325,357.50141846764615,0.05896620780337281,0.6243847822020313,1.0607393954202962,1.8670969327546845
0.7658449397522268,0.23415506024777322,355.8697315463717,0.023632047106297058,0.6816538818341371,1.023913496634649,1.9771449938421528
0.08256375869940855,0.9174362413005914,371.576474534892,1.2483041796163807,-0.0014937491173213253,3.4844289786689364,0.9985073659706017
0.3612964139733872,0.6387035860266128,365.2156045877854,0.4121442305294734,0.22657690080827889,1.510052216253793,1.2542990627369508
0.12355167833462712,0.8764483216653729,370.25413656452207,1.1041105881119662,0.045504909621384766,3.0165403285014594,1.0465561427957546
0.8558413573580816,0.14415864264191836,355.23520131324096,-0.009090181103290941,0.7831025351070837,0.990951009687882,2.1882508697785035
0.6208321642910067,0.37916783570899326,360.46649135314703,0.12145336209134323,0.5491378557018781,1.1291367041226812,1.7317593476329958
0.3342800643555962,0.6657199356444038,365.38233545909077,0.4682911439608755,0.18487066966286914,1.597262368290266,1.2030628375434758
0.07228718328030316,0.9277128167196969,371.0091642413367,1.2476394629586798,0.020873430190666318,3.4821135903080997,1.0210928039367666
0.31476267528134894,0.6852373247186511,366.06033638300715,0.5144114577398814,0.21218452757751977,1.6726537846133227,1.2363760095001695
0.3286796555862121,0.6713203444137879,363.7321642918229,0.4674878217185828,0.19063546883629656,1.5959797671430307,1.2100182823035681
0.7250140547713028,0.27498594522869724,355.93825465200274,0.04898629768680356,0.6467425549045509,1.050205960390448,1.9093112117618856
0.6348063219281088,0.3651936780718912,360.77331739770096,0.06318160243583851,0.557055186355413,1.0652202682626033,1.745524679436706
0.8794684877248,0.12053151227519998,355.75447495425936,-0.006377503217913583,0.7463667952289729,0.993642789893023,2.1093224775332637
0.47277062665871034,0.5272293733412896,362.66547989328257,0.1940678600050978,0.38044438479788417,1.2141786743316916,1.4629345508817466
0.12720236101953566,0.8727976389804644,370.97262584698285,1.052817558032078,0.03324163078213098,2.8657140695064727,1.0338003070410533
0.7089798914785351,0.29102010852146487,358.11183550403325,-0.010242847356811136,0.6424629227346234,0.9898094319555824,1.90115752191904
0.7555693476445595,0.24443065235544048,359.8708044319505,-0.009214766120377967,0.65930705742701,0.9908275597295748,1.9334520988304007
0.5600516536181063,0.43994834638189373,362.14445661060256,0.14928668719577476,0.46258961153518097,1.1610057869957262,1.5881814373161487
0.7655478363554697,0.23445216364453025,356.4479717514233,0.03549411112142205,0.7000320262493702,1.036131546457231,2.0138172014496005
0.49391968443710293,0.506080315562897,361.50109839133626,0.21336459076631065,0.3852769846167052,1.2378358725123744,1.470021438380635
0.5222781727943542,0.4777218272056458,360.2362312387446,0.15271627217980027,0.46113385477673513,1.1649943907273927,1.5858711134979022
0.42899019799137866,0.5710098020086214,364.06582584935387,0.29413470694751703,0.30762977104289185,1.3419646634553881,1.3601973112728614
0.034910744209213286,0.9650892557907867,371.6378316425862,1.4374880333565723,0.007361978793013178,4.210106874994748,1.0073891447831163
0.11573359845343835,0.8842664015465617,369.22211388388536,1.0813137383345939,0.04842072738079395,2.948550631711613,1.049612163016966
0.04080060197299957,0.9591993980270004,371.62009408304203,1.4413561289572994,-0.024465444791749072,4.226423507679722,0.975831408393347
0.6336822030385048,0.36631779696149525,358.34923230060195,0.09449573659730007,0.5203064164837735,1.0991044771980054,1.6825431296686635
0.3180688614548001,0.6819311385451998,367.95095078457615,0.5000120693452789,0.16117238321862556,1.648741169806497,1.1748874822441238
0.5083992773414087,0.49160072265859134,363.0247954025079,0.18816964076647877,0.4352864476016438,1.2070382608782646,1.5454056733040866
0.8994151444475712,0.1005848555524288,353.6696894813935,0.005613900438779837,0.7598474045894749,1.0056296879071138,2.1379499542531346
0.25430638456589744,0.7456936154341025,369.1242109130383,0.6197765114221573,0.18037964664035694,1.8585126390825732,1.1976719689608257
0.41217526457491716,0.5878247354250828,364.3037738296007,0.31719318652916556,0.2847076270499413,1.373267843149453,1.3293732985042175
0.7504401157721877,0.24955988422781228,356.04168729220385,0.010293762367618892,0.6762661387282364,1.010346925398743,1.9665212891266646
0.23422220218179002,0.76577779781821,369.60221340003386,0.695723087066527,0.14223880364443453,2.005158454008464,1.1528519209078802
0.08544031163221713,0.9145596883677829,371.83912729684715,1.2168774952274803,0.056704547065768954,3.376627719185461,1.0583430736317503
0.29395642385549264,0.7060435761445074,365.7485972692021,0.5961605671513239,0.20832964985457444,1.8151363105919955,1.2316191056958794
0.16799686150892434,0.8320031384910757,369.32252927024814,0.9319900275147828,0.08450360986557834,2.5395579425421606,1.088176772396788
0.9211036992957216,0.07889630070427844,352.3324866568629,-0.010752490344343545,0.7991823501722004,0.989305111042317,2.223721959076879
0.8019579719731286,0.19804202802687143,354.40481017581743,0.023250327130151814,0.7262647245861865,1.0235227229869375,2.067344068146735
0.630735681380215,0.36926431861978504,360.42075004565,0.10682934474570387,0.5678346173581741,1.112744342606303,1.76444221926156
0.8640313783839634,0.13596862161603662,356.3531372984573,0.02219514308719885,0.7431929574310935,1.022443287743619,2.1026384427580846
0.7975986353611322,0.20240136463886782,354.4834219706123,0.013805733957817947,0.6947970643258706,1.0139014731789329,2.003302491145968
0.19283865770831513,0.8071613422916849,369.5380122973055,0.8259457052280379,0.07793548437461963,2.28403977263017,1.0810529116155578
0.8847078185201782,0.11529218147982179,353.3454331599163,0.016181265310118716,0.7611245361683272,1.0163128909819115,2.140682141963955
0.5385553970773377,0.4614446029226623,361.0031502695109,0.16278567055970294,0.4368865605751469,1.176784443106457,1.547880476425524
0.8012913520607813,0.19870864793921872,355.2096483036452,0.02982474043366047,0.7278481128588362,1.0302739527635163,2.070620069406315
0.8881694739250233,0.11183052607497668,353.05714011984344,0.014718981906899156,0.7852051293415083,1.014827839556597,2.1928567138545416
0.3216434054724266,0.6783565945275734,366.2349418994668,0.5174832933165381,0.19718720402320797,1.6777998018291493,1.2179720286290285
0.11785088603712322,0.8821491139628768,369.7675782008852,1.0858243348055314,0.06037105120122574,2.961880393774224,1.062230615376796
0.23337645929110284,0.7666235407088972,368.3678564821274,0.7444904615680057,0.08783442240022306,2.1053683955154985,1.0918073282240823
0.42856563285373117,0.5714343671462688,363.82131593926755,0.2997044973952964,0.3112512074289729,1.3494599797126208,1.3651321094437412
0.8116544706040433,0.18834552939595672,355.338732664556,0.05161956669535383,0.7071098105890637,1.0529750795162127,2.0281211256334073
0.8535159715912166,0.14648402840878338,353.76381555300856,-0.009120937740590748,0.7110495509094481,0.9909205318357956,2.0361271566928734
0.01681308792056689,0.9831869120794331,372.2092253159514,1.5550406637148764,-0.0009800545069324912,4.735279075282673,0.9990204255896327
0.5105323565260144,0.48946764347398564,362.8523657070375,0.18913749946449185,0.41014710452714925,1.2082070688871491,1.5070394611350062
0.4190627830858034,0.5809372169141966,364.5782079338167,0.2978380559082927,0.33427693803168224,1.3469436406517372,1.3969299530425003
0.22766565426131566,0.7723343457386843,367.24348334044396,0.7247225522175836,0.1184140463128411,2.0641583243628494,1.1257101110087595
0.12746805998700914,0.8725319400129908,370.4896488067105,1.0544826336354038,0.015318994100140388,2.8704896748583426,1.0154369313473488
0.3408628679755554,0.6591371320244446,366.521706031701,0.46371328559104885,0.25293522935408547,1.5899670386223212,1.2877998625043565
0.9340515098342688,0.06594849016573123,351.2583795309667,0.010834379593013402,0.8068677191964506,1.0108932840223728,2.2408779234554657
0.32673887338034013,0.6732611266196599,366.6194635836955,0.4738457846617297,0.21242046045492802,1.6061592735316574,1.2366677456633721
0.5184148093084988,0.4815851906915012,361.2636956195251,0.1758143383842698,0.4174591168592648,1.1922166892245807,1.5180993379608825
0.6989585797172743,0.30104142028272574,358.58814541771414,0.08522998878208768,0.605016427442897,1.0889674882065716,1.8312822919239578
0.3663570103317081,0.6336429896682919,364.45511156977597,0.4386647338826951,0.23636209934146774,1.5506353247449733,1.2666328740686077
0.9623464410665414,0.037653558933458564,350.5103174502448,0.008784601053693433,0.8098940114957711,1.0088232988935573,2.2476697468968814
0.9531983490432689,0.046801650956731056,350.88571330533006,0.0008823344828969921,0.8243633983630645,1.000882723854477,2.2804285785800773
0.25674664990885687,0.7432533500911431,367.63951997613464,0.6565113745169096,0.16231168446688493,1.9280543285828962,1.1762267958151504
0.49730353577453773,0.5026964642254623,362.6431009522027,0.21301018888094866,0.38700062315781436,1.2373972588727287,1.4725574089085058
0.30486074362043425,0.6951392563795658,365.64544827551316,0.5140445945466274,0.15569250404335438,1.6720402620509953,1.168466849011192
0.2891436844899183,0.7108563155100818,367.52863168957066,0.566662396118136,0.16514232026484774,1.7623751144041324,1.1795609821973096
0.04614920840744214,0.9538507915925578,370.4893495757099,1.3543378975459002,-0.0303953148949533,3.8741949932488997,0.9700619777920023
0.607373047300299,0.39262695269970105,359.9342937273012,0.10295309246641411,0.5325381671193967,1.1084394136975033,1.7032499598846413
0.5026254427642842,0.4973745572357158,361.0571429643908,0.20732309738231997,0.4001851852011393,1.2303800401370293,1.4921009870795356
0.06044917622498957,0.9395508237750104,371.18943922692677,1.316299261648905,-0.0008721798002824695,3.7295935565604457,0.9991282004379661
0.2830735349518792,0.7169264650481209,367.06885663960816,0.6181512949841247,0.12447451519897454,1.8554946069332758,1.1325531572005976
0.9001005682473207,0.09989943175267935,352.8024093321616,-0.023099793892413976,0.7814323503603794,0.9771649638121404,2.184599136936963
0.24477065285363298,0.755229347146367,367.466159821489,0.6571382109156653,0.10997844431003749,1.929263282083274,1.1162540085742088
0.15199697464939863,0.8480030253506013,370.8655583080549,0.9779937379615987,0.026591297551049928,2.6591160032685472,1.0269480008194123
0.48966370507201173,0.5103362949279883,361.9718889156678,0.23105310946126,0.3302025355128948,1.2599261516715223,1.3912498774382225
0.9759374450283886,0.02406255497161136,352.85664642720053,0.03368954414883086,0.789016208496744,1.0342634637363695,2.2012298094978062
0.24721416608127042,0.7527858339187296,366.66810644968285,0.6705701813815983,0.15825610837973855,1.955351908099704,1.1714661785967548
0.668692836457761,0.331307163542239,359.2026042686048,0.0782908334634365,0.6264671066544562,1.0814371310446322,1.870988885100259
0.7563872230221432,0.24361277697785677,358.2157852422285,0.021464413670765497,0.6686235091984916,1.0216964312648622,1.951549181463982
0.24288479311255168,0.7571152068874483,365.41989972898597,0.6881567980353125,0.10691676040684785,1.9900440974934168,1.1128416181403367
0.7236520216396224,0.2763479783603776,356.6860384760317,0.05033463719293596,0.6575161041995196,1.0516229496530431,1.929992475490328
0.37042747006486815,0.6295725299351318,365.7073174002761,0.4093713639753659,0.22838148262985533,1.505870842842769,1.256564591575655
0.6296597139817078,0.37034028601829216,359.314821806253,0.04801359045468391,0.5571116993325815,1.049184914127609,1.7456233270204702
0.6308591165456768,0.36914088345432317,359.8630460001574,0.10829309390041343,0.5677255976467874,1.114374313840683,1.764249870765137
0.5350591903932633,0.46494080960673667,360.96198334127,0.18609852793949624,0.46634000357472716,1.204540935467538,1.5941489235478354
0.09848397465332014,0.9015160253466799,371.10441173622854,1.1581921670229216,0.0198243007221727,3.1841716191708724,1.0200221071340807
0.8285964456774532,0.17140355432254684,355.05520971569103,0.015486313982967377,0.7289615068879843,1.0156068483505702,2.0729267693228923
0.3243644636723011,0.6756355363276989,367.2952914231545,0.5003854910205873,0.18071604859728305,1.64935696046391,1.1980749359305782
0.19278814019185717,0.8072118598081428,369.2305576081475,0.8442562504504174,0.06142754497121025,2.3262470258356647,1.0633534484328524
0.04995963872366864,0.9500403612763314,372.4059764837078,1.3600669012955415,0.0012836890141012507,3.896453970894238,1.001284513295513
0.589075084324477,0.41092491567552303,359.9846474582526,0.09559969746389607,0.5124884058212679,1.1003185155312392,1.6694402754064994
0.6740130746054368,0.3259869253945632,358.07001071071977,0.0534832974089528,0.6170755828357021,1.0549393713995388,1.8534997020073651
0.026256072349299026,0.973743927650701,372.14899784581803,1.5002075946011244,-0.014431492718612871,4.482619541370025,0.9856721421382304
0.5118511971332954,0.4881488028667046,362.46287372444243,0.19454561261491427,0.444010446428206,1.2147588899508641,1.558946770962373
0.2319658596939792,0.7680341403060208,367.70695465680507,0.7147234814464933,0.10403491083787637,2.043621504858701,1.1096391926733515
0.6422693346012609,0.3577306653987391,359.5346437627791,0.08703690691563695,0.5645147270427531,1.0909369420929802,1.7585941774257066
0.1808791004248916,0.8191208995751084,371.3093682744465,0.8199564247260217,0.054317392605285474,2.270400902035504,1.0558196583321604
0.6871189833404167,0.31288101665958334,359.14499871411164,0.07063695460904995,0.5638083667387116,1.073191537893987,1.757352414925354
0.38900063937452667,0.6109993606254733,364.40211262537366,0.32725875222914014,0.2870057787530306,1.3871603615829646,1.332431913248385
0.9279953889619998,0.07200461103800015,354.26011375113666,-0.006747734169239249,0.7955194134961092,0.9932749806690238,2.215591506113317
0.14477052526307338,0.8552294747369267,369.6076427550329,0.976336472950456,0.03996808435520898,2.6547127930067074,1.0407775565755082
0.34424502402925333,0.6557549759707466,363.6589706945888,0.42232049268761496,0.22084868550510162,1.5254973570934132,1.2471347067278802
0.12120405081577729,0.8787959491842228,369.517845988921,1.107230180369315,0.042838228607879975,3.025965397897372,1.0437690292232578
0.9161997459129915,0.08380025408700853,351.4434835799579,-0.008541126641522125,0.7458493577288006,0.991495245154929,2.1082313173113865
0.8697925663133614,0.13020743368663856,353.9674774552744,0.010167202677301332,0.7466662076801841,1.0102190642959528,2.1099541295041706
0.2627827951608525,0.7372172048391474,367.47917086395705,0.6372765467651328,0.1529101668493642,1.8913229292253866,1.1652202988303073
0.6567843651134955,0.34321563488650453,360.6070558075681,0.07268109242378981,0.5555364707771749,1.0753875329927025,1.742875735918888
0.8108777561971915,0.1891222438028085,355.9214239520949,0.011779384888867631,0.7267646433276558,1.0118490350530835,2.068377830568542
0.554096795367473,0.445903204632527,360.9347038514854,0.11399079562938469,0.43719903920520503,1.120741809113703,1.548364231573928
0.5290575667888864,0.4709424332111136,362.5253092602041,0.1846966628107493,0.44399575917982725,1.2028535145785557,1.5589238744920824
0.24701524508244266,0.7529847549175573,365.59098463495724,0.6704147367836347,0.12192034903165658,1.9550479828308547,1.129664119355763
0.10124071244978122,0.8987592875502188,371.1937531335708,1.1288155383567167,-0.009281952893587919,3.091991984407115,0.9907609914593078
0.8892714427942602,0.11072855720573982,354.6681384573912,-0.006608171562087725,0.7898842845191022,0.993413614388761,2.203141473930114
0.8924096960200638,0.10759030397993619,352.35074383538574,0.03180127931793831,0.7532689774979856,1.0323123431078847,2.1239317657233037
0.6304394281278026,0.3695605718721974,360.64474042423996,0.09603877513234396,0.5357344248581859,1.1008017468998763,1.7087026952817468
0.3422491952277267,0.6577508047722733,366.0788013308141,0.44537238103186466,0.22136106539159872,1.5610714009901776,1.247773877202424
0.3522253831204077,0.6477746168795924,365.1090325415424,0.42496124295469795,0.2511730798202132,1.5295311384069807,1.2855325648223959
0.7214365652928346,0.2785634347071654,358.16368022751635,0.027033024885594687,0.6257296901299378,1.0274017320278912,1.869609695560273
0.8891680547535256,0.11083194524647444,356.1702044723906,0.04349479958870632,0.7677772749126124,1.0444545627045994,2.1549710183690043
0.879344695779815,0.120655304220185,354.2940535914255,0.010193026702175987,0.770581642912353,1.0102451525550484,2.1610228319232263
0.7742780349404714,0.22572196505952857,356.63510112983914,0.026212838390458397,0.7066935108041669,1.0265594164773413,2.0272769949629605
0.639191013231202,0.360808986768798,358.8521536640042,0.09409541765243232,0.5651059455605941,1.098664572910279,1.7596341982782675
0.09245716569514785,0.9075428343048522,370.2984579932352,1.1992257758814415,0.011980538773093958,3.3175474029589758,1.0120525928892734
0.1683961398127215,0.8316038601872785,370.3345593895988,0.9126629910931626,0.044053281927623526,2.4909470788016423,1.0450380350460047
0.8905831047565377,0.10941689524346232,353.0127919561121,-0.0020443267305269505,0.768890125297572,0.9979577614821249,2.157370513588327
0.6043004784663981,0.3956995215336019,360.1384608784218,0.09580818424470633,0.5011405994937504,1.1005479413116983,1.6506028742208438
0.019013110584297055,0.980986889415703,372.26070870908484,1.5093508797862192,-0.057566933186205003,4.523793355331971,0.9440586994149428
0.10944211200871146,0.8905578879912885,371.2595581007577,1.1428894993085703,0.035473575010319926,3.1358162258137305,1.0361102685631598
0.6602317337258947,0.3397682662741053,359.18964507012134,0.06227244522043964,0.6023777412933874,1.064252255674215,1.8264564824028284
0.014960352169294314,0.9850396478307056,373.8636483197927,1.5436217305719433,-0.04672468572018748,4.6815147897017635,0.9543501076373713
0.16759189038914868,0.8324081096108513,369.01161917422013,0.9189084387901422,0.03986955658398521,2.5065528402557122,1.0406750161341425
0.5477591135792544,0.45224088642074556,361.02114025571575,0.14732113619763357,0.46923313204623485,1.1587260121530794,1.5987676792915917
0.6880572937388394,0.3119427062611606,357.2747958747718,0.00726427240636477,0.6543968514071132,1.0072907212382134,1.923981720477599
0.6489220343125485,0.35107796568745153,358.6565446970572,0.08596268421452202,0.572583680182767,1.0897656620847198,1.7728415950064078
0.22978392327134858,0.7702160767286514,368.55247855422016,0.7352713719545735,0.09303447089257662,2.08604801062681,1.0974995664056981
0.7079356369205851,0.29206436307941486,358.58018207731465,0.05861412976137201,0.6293957042654671,1.060365998107238,1.8764762899577923
0.24250410574686407,0.7574958942531359,366.9776207864027,0.6347337818998696,0.14612218117766249,1.8865198488719903,1.1573375842816418
0.3288917041960824,0.6711082958039176,366.89910052426046,0.5224177470350967,0.19013648357583035,1.6860992871732159,1.209414651629733
0.7415615770156636,0.2584384229843364,358.4508297164158,0.023835559949500797,0.64868033240562,1.0241218973869393,1.9130146191014346
0.6466402410662704,0.3533597589337296,359.5636736841389,0.09114338872373497,0.5600418725647937,1.095426065743358,1.7507458069785609
0.8422389422842944,0.1577610577157056,356.79232271210304,-0.014935049992550298,0.7226277589576794,0.9851759247087727,2.0598388651841253
0.6544606344543364,0.34553936554566356,358.20713806496,0.07670309177270605,0.5805867834788467,1.0797214506148667,1.7870867561337511
0.5669424312687622,0.4330575687312378,359.63104165971987,0.10674940892309336,0.5119141675651591,1.1126553980268978,1.6684818941300041
0.10180127247153062,0.8981987275284694,369.16728220208705,1.1452926948280182,0.02972849006035306,3.143361267791686,1.030174793283099
0.37036148699824484,0.6296385130017552,366.62771811797717,0.4347309893923708,0.24322831614878027,1.5445475033970173,1.275359776112235
0.26989832032809097,0.7301016796719091,367.96106702125087,0.6159962989852779,0.13787002454593505,1.8515003288518828,1.1478263513270868
0.24910985051150192,0.7508901494884981,367.7011870655155,0.6789457726129021,0.09324738461968698,1.9717979127602956,1.0977332640067143
0.9635503436573967,0.03644965634260333,352.56910368613717,0.017453233494870015,0.805943617480332,1.0176064311415556,2.238808080840642
0.3952357701734252,0.6047642298265747,363.4676565284469,0.36092070100905377,0.2748932384655244,1.4346496900948755,1.3163901275352465
0.8842056240735711,0.11579437592642894,356.452700218424,0.00525543967053118,0.7606869782171599,1.0052692737176459,2.13974567436618
0.6285158534773176,0.37148414652268236,359.6718529541913,0.08758848994423894,0.6136696422967425,1.0915388503814514,1.8471975307359811
0.7889150774708155,0.21108492252918454,356.17938336736177,0.062413725293404,0.7104907364755807,1.0644026239323183,2.0349896573036634
0.5025843512430882,0.4974156487569118,362.9948154194858,0.1932753924416956,0.3880523171940696,1.2132168582704599,1.474106903407741
0.5753658069338319,0.4246341930661681,361.1743395116192,0.12445516674659239,0.4807279006629065,1.1325312442617566,1.617251172055379
0.4926673399424866,0.5073326600575134,362.7076361145243,0.2274058360404105,0.41420594876118505,1.2553392264763077,1.513168730021565
0.20133812804208362,0.7986618719579164,368.0005550724436,0.8346381474020234,0.08673780253398018,2.3039801962106554,1.090610686868105
0.7180030729562752,0.2819969270437248,358.07670182763263,0.05847871729036171,0.6140133202196435,1.0602224210485405,1.8478324808494506
0.2851569151920387,0.7148430848079613,368.85837728256735,0.5943167305870861,0.17678888299876278,1.811792579487602,1.1933791239086031
0.03382964710282476,0.9661703528971752,373.7630081863788,1.4195573964241457,-0.010667489402546262,4.135289741117675,0.9893892064825257
0.6425628499890245,0.35743715001097554,360.831700924377,0.10409336233204688,0.602728174825451,1.1097040546377743,1.8270966461599893
0.18356846581890798,0.816431534181092,368.6645270385895,0.8453474558715807,0.09279069290063229,2.3287868246703325,1.0972320527735329
0.931649412665856,0.06835058733414401,351.9901853955256,0.006476572401544285,0.7728589678998729,1.0064975907476936,2.165949791231385
0.9448500054625356,0.055149994537464386,352.56821046163645,-0.014874608774365403,0.8106463370313406,0.985235471741318,2.249361362486014
0.9065671024160395,0.09343289758396045,353.5785471449814,-0.00013602140861013906,0.7750279852043845,0.9998639878418822,2.170652872497738
0.37275552625033553,0.6272444737496645,366.17403437515117,0.3984906614599674,0.2680120851720595,1.48957472754058,1.3073629396255348
0.02514748419829008,0.97485251580171,370.9130923373922,1.4882513037956557,0.011192967481845003,4.429343167140926,1.0112558431116885
0.9197521913359709,0.08024780866402914,354.76691537703687,0.009146792610008071,0.761342659539276,1.0091887523523133,2.1411491256970714
0.42962046535096804,0.5703795346490319,363.6907090265725,0.32637991876086925,0.30349114120144405,1.3859418141599045,1.3545795909411507
0.9573217226627961,0.04267827733720386,351.99710363440306,0.009160189194888509,0.8079697626934951,1.0092022721256537,2.2433488296716675
0.9543475775474678,0.045652422452532204,351.4762705708372,-0.004770678723115993,0.7801785751065112,0.9952406828899079,2.1818618569249937
0.8459492663580128,0.15405073364198718,353.1803417114832,0.024729627949076904,0.7358690873225575,1.0250379414448767,2.0872952462899432
0.298559914228194,0.7014400857718059,367.50934844092154,0.5730455262226756,0.1526070570441006,1.7736605639806784,1.1648671626546623
0.38739577402988673,0.6126042259701132,364.83619945944133,0.34038101732178555,0.27596935542144607,1.4054830019258238,1.3178074797536947
0.8441139380865198,0.1558860619134802,353.5849723406858,0.01759872007622154,0.7840865312943157,1.0177544899924107,2.1904051600239423
0.3205835650531521,0.6794164349468479,364.9142870445356,0.5128608613907439,0.17295914391291542,1.6700621835443676,1.188817533659137
0.17610289175237065,0.8238971082476294,369.00158769427105,0.8864846016994087,0.06637648393147047,2.426584229732597,1.0686289630749832
0.5556652372091831,0.44433476279081685,362.7888691397106,0.16568242245528786,0.49442297094777404,1.1801982377436193,1.6395518969726786
0.9274316786775654,0.07256832132243463,352.8115128052671,-0.0024873414643225115,0.7790269034435898,0.997515749406243,2.1793505148502916
0.6921092007414735,0.30789079925852647,356.662692850829,0.0478986076669415,0.6263940579214746,1.049064282856718,1.8708522167245665
0.5686599466875777,0.4313400533124223,360.592769090128,0.12282676599160505,0.46018212697934285,1.1306885302741703,1.584362513878074
0.10523296389535315,0.8947670361046468,370.5989827619179,1.1447988793860655,0.03336656299700371,3.1418094106550587,1.033929470071292
0.6127070821651863,0.3872929178348137,357.1880050281821,0.0691841287091231,0.5283686576421697,1.0716335094782146,1.696163027817103
0.980252773102178,0.019747226897822046,351.87323259582,-0.028796341917843568,0.8095615790060782,0.971614321427634,2.2469226726296725
0.14728233493179355,0.8527176650682065,369.73040291851794,1.0218032690326255,0.0708499737460706,2.7782000918236056,1.0734201725801642
0.517963059316462,0.482036940683538,362.632306130612,0.15986316567446068,0.4732412855025275,1.1733503054089571,1.6051886450028847
0.8698256104893963,0.13017438951060367,356.1672316278499,-0.0165932718920468,0.7688569609485412,0.9835436381362591,2.1572989669860307
0.7359532453991203,0.2640467546008797,358.34317726665677,-0.014638791121396051,0.6660855343312818,0.985467835054495,1.9466024786482865
0.6930754261753627,0.30692457382463734,357.87602833274855,0.03217596834324438,0.622207325819199,1.0326992116867144,1.8630358336587445
0.6984344023073671,0.3015655976926329,356.9223692813038,0.016147740283175786,0.6166202366033501,1.0162788196359835,1.85265591002472
0.36230132819536004,0.63769867180464,367.8795360478203,0.4448156917826238,0.2460701939893091,1.560202611169362,1.278989347755499
0.2977200073792035,0.7022799926207965,366.7635802742547,0.5714396764962578,0.16495733928527395,1.7708146173421504,1.1793428060311986
0.8031739323689433,0.1968260676310567,355.77521365612535,-0.0021850893924907112,0.7186807625568724,0.9978172961774583,2.051724712396972
0.8039111267855972,0.19608887321440283,355.7211990179818,0.05649414781334519,0.7422053810848537,1.0581204224638912,2.100562951788903
0.8597308722085016,0.14026912779149836,354.7349113774538,0.023712766525303793,0.731746080037867,1.0239961496730183,2.0787070295902543
0.9049757415053419,0.09502425849465812,353.4129147844854,-0.005287208078536362,0.7958660095770265,0.9947267446050188,2.216359554539848
0.5111155508837191,0.48888444911628093,361.51068631648724,0.13452434619552492,0.43962068865626236,1.143992510528695,1.5521183707352322
0.5014859687934556,0.49851403120654436,361.7459698343813,0.2415484349569807,0.39941431269079336,1.2732191217374882,1.4909512106683875
0.7923292753874397,0.2076707246125603,355.9633179176459,-0.014144879392374373,0.6647173753847408,0.9859546893984401,1.9439410381037643
0.6469646521622099,0.3530353478377901,358.5997905095544,0.035879657449415105,0.5578920914804087,1.0365311001885729,1.7469861294489346
0.6979275397125493,0.3020724602874507,357.3270229825461,0.06327922400853617,0.6491185205392678,1.065324261816385,1.9138530630917074
0.789876816047379,0.21012318395262097,356.1555971602661,0.06294125009183178,0.7048050096616131,1.0649642708402656,2.023452092844483
0.882205234981215,0.11779476501878505,353.79527944523585,0.030055791836139042,0.7433783572228131,1.0305120265078167,2.1030283076267495
0.3412352537145051,0.6587647462854949,367.26624974566363,0.4657321219730485,0.20615952299377707,1.5931801642221912,1.228949234020259
0.37807129358714514,0.6219287064128549,362.3137866854453,0.3938649394282337,0.2737467838408413,1.4827002808032275,1.314881810759224
0.10210230104405162,0.8978976989559484,372.03099203431873,1.1736673039127732,0.034334297028792114,3.2338303577284346,1.0349305231043682
0.5767145381762505,0.4232854618237495,361.9102154409818,0.13445645040941986,0.4860461403782726,1.1439148408946447,1.6258750129687998
0.045223428320807245,0.9547765716791927,370.09752254444635,1.3973956386580395,-0.002557488631232582,4.044652501484314,0.997445778956617
0.46628605776981097,0.5337139422301891,362.7122192552032,0.24267353994999283,0.3519160223012248,1.2746524330902356,1.4217891201265764
0.5417917420134251,0.45820825798657494,361.04876791941354,0.15039794451992566,0.43133975102777644,1.1622966803043857,1.5393184461487301
0.29081042708571875,0.7091895729142812,365.44644255887636,0.5526943102920427,0.19628056247260858,1.7379292360747294,1.2168682650149905
0.5890165953576305,0.4109834046423695,359.61997402291644,0.10346570799552607,0.4986272542281459,1.109007762613839,1.6464595482869202
0.03989024494026844,0.9601097550597315,371.1758003515774,1.3814686153640585,0.02807520978798121,3.9807435177904322,1.0284730327514504
0.04660122497423013,0.9533987750257699,373.89335392273154,1.3837622577307838,0.03549610745000683,3.9898843987224324,1.0361336149183193
0.8161485494464651,0.1838514505535349,356.41606229763147,-0.010380475402292134,0.7445743279601742,0.9896732157918608,2.105544972571353
0.36298682858303766,0.6370131714169623,366.5628902561714,0.38856773496766694,0.231428195156668,1.4748668801418736,1.2603988205884178
0.13451930239884707,0.8654806976011529,370.95932916710814,1.0388534063588988,0.04774123690057429,2.8259749111562558,1.0488992037962064
0.5217983948537083,0.47820160514629173,360.7240129802,0.2004193437518077,0.42553888645323856,1.2219150531815959,1.5304149173549044
0.7645936820366386,0.23540631796336142,356.072026517627,0.0383914086924608,0.666706085151273,1.0391378808897684,1.9478108192922214
0.22150460694690632,0.7784953930530937,368.84379982082737,0.7208028447107262,0.10712602101786091,2.056083263760172,1.1130745164246783
0.6204326663026203,0.3795673336973797,358.49550496565627,0.06591535735385923,0.5172164108413297,1.068136303456456,1.6773520862115168
0.09364051569389263,0.9063594843061074,371.83568126539956,1.208577733902061,0.043555616340104214,3.348718495193188,1.044518084969675
0.060648086745235544,0.9393519132547644,371.59664352380753,1.3054675338348882,-0.0007892888631119196,3.6894136162337743,0.9992110225434075
0.530727538936785,0.46927246106321496,361.284927974469,0.15851640569197434,0.44067671846094664,1.1717711477840267,1.553758319760245
0.5398224191779044,0.4601775808220956,362.1738045930019,0.16463278422677147,0.4531195265942856,1.178960106464692,1.5732122159749546
0.6346813034682424,0.36531869653175764,359.8534130913986,0.056946426183858784,0.5514456310816604,1.0585990956829825,1.7357604742941954
0.7215695070482083,0.2784304929517917,357.1670540065872,0.035524605347862934,0.6579059902174531,1.0361631429689844,1.930745099280451
0.9663350378732839,0.0336649621267161,353.38817623340765,-0.02664136782091507,0.7791336763198337,0.9737103827903258,2.179583222796333
0.5159743413351714,0.4840256586648286,360.8980921824936,0.1669916883681962,0.43650357660537004,1.1817444430428452,1.5472877765204485
0.32649734348242104,0.673502656517579,366.69726812054984,0.49224118535815126,0.17360389647401525,1.635978645721914,1.1895842739609692
0.7892824708733296,0.2107175291266704,356.6551357635608,-0.017590781012280288,0.7073288251069128,0.9825630335493905,2.028565362249236
0.27541560623683276,0.7245843937631673,366.87770568565855,0.6145945331610123,0.18774221297861465,1.8489067771680214,1.2065224494284765
0.4401919922915234,0.5598080077084766,363.94597638913064,0.27754494953757575,0.3087978359806198,1.3198854460508431,1.3617870383320214
0.08688725371542064,0.9131127462845794,370.0177773806758,1.227729674471704,0.0035765093757462937,3.413471042021591,1.003582912716998
0.03484372854714836,0.9651562714528517,373.31966029616115,1.4423391532266288,0.013135571567435087,4.230580227303638,1.0132222221737153
0.9533954463843666,0.046604553615633426,352.3240864493355,0.027403352381203748,0.790298439430103,1.0277822775971923,2.2040541047633977
0.8292605181019617,0.17073948189803834,354.6737867625735,0.009984826278793144,0.7404832287377181,1.010034840980805,2.0969485755177586
0.692054721971824,0.30794527802817595,359.2160244951469,0.036823400249074274,0.6270754497442227,1.0375097806896982,1.8721274345387684
0.4107738855259845,0.5892261144740155,363.55240168781967,0.32690866509193406,0.30706077301459056,1.3866748195790963,1.359423581830785
0.17982843366942886,0.8201715663305711,367.8482531146933,0.8911892653642365,0.09070836660819998,2.438027389389822,1.0949496348153347
0.16330830181766434,0.8366916981823357,368.05774609212364,0.935856362566189,0.06541441755394371,2.549395730267194,1.067601365467371
0.2552380402013034,0.7447619597986965,368.2301063809874,0.6589362091703246,0.12524068511125924,1.9327352144260466,1.1334212178522205
0.5482421314119981,0.45175786858800193,360.00012850243394,0.13123773603096675,0.4708723910049227,1.1402388249448916,1.6013906227871848
0.7103040042460611,0.2896959957539389,359.52671249005715,0.02444956201962215,0.6733582979059481,1.024750903437739,1.9608112641894913
0.6569934291833767,0.34300657081662334,356.8441628502962,0.034971424846535815,0.5781930946627316,1.0355901162303218,1.782814142246288
0.28433521900702396,0.715664780992976,368.690598876788,0.6185531508830875,0.13810974979410467,1.8562403982268447,1.1481015472684042
0.9457679750499302,0.054232024950069846,352.8851408073716,-0.02467769292767831,0.8073635627155402,0.9756243119746263,2.2419893237684323
0.7331389783618532,0.26686102163814684,357.1808280065955,0.01550481799163958,0.6545777637005059,1.0156256413223717,1.924329823910242
0.5532669714611727,0.44673302853882735,360.6268509810567,0.12607104233725394,0.41989904881635154,1.134362753201802,1.5218079195531284
0.6094863313096652,0.39051366869033477,360.35375704149783,0.11132545633944145,0.545418700286592,1.1177586292952302,1.7253306275919833
0.4212080611792341,0.5787919388207658,363.9932107730447,0.3015114911449695,0.2958053350258823,1.3519006499352024,1.344208461056098
0.2527763697111343,0.7472236302888657,368.78069347777046,0.6896636395068507,0.12601321422001374,1.9930450388733514,1.1342971570361864
0.35885322507823636,0.6411467749217636,365.4950553257182,0.40526901106147634,0.2421261767626383,1.4997058832686216,1.2739549261839067
0.7526891882550817,0.2473108117449183,357.0045808357394,0.028861044611105766,0.678358378049597,1.0292815603181817,1.9706400294868658
0.02410561885716075,0.9758943811428392,372.2645011395286,1.4698937155597736,0.015566749368281852,4.348772909604801,1.0156885423642459
0.1237511876967779,0.8762488123032222,370.4138411626437,1.1174735680293317,0.025127696571973793,3.057120830681687,1.0254460581104752
0.0550825891813177,0.9449174108186823,372.2652637131165,1.325164211750093,0.017303533285025794,3.7628032007686083,1.0174541066470637
0.049914226272590734,0.9500857737274093,370.3591886085418,1.3774669050591348,0.0006119530747320688,3.9648455661478836,1.0006121403562154
0.8483513723307871,0.15164862766921294,353.4350073669328,0.017865357590347852,0.7601485204505125,1.0180258977017436,2.1385938218289695
0.6995847021924232,0.3004152978075768,358.74725529155677,0.05039289776753224,0.6371349541000058,1.0516842195951421,1.8910551507294047
0.47469035250557867,0.5253096474944213,363.04381930638215,0.22560933392791488,0.35105965039012094,1.2530860314448617,1.420572061062565
0.10587747743798144,0.8941225225620185,370.673769277115,1.1394079763949865,0.04681307620865481,3.124917792352007,1.0479261084497409
0.4917835576144957,0.5082164423855042,362.52131991071155,0.2083584756107421,0.3794616308486211,1.2316546085596076,1.4614975523979767
0.47400233536495434,0.5259976646350457,363.2354311447104,0.22728450199969227,0.3851088946035884,1.2551869203356338,1.4697743632237905
0.17973783251181488,0.8202621674881851,368.7189162458098,0.8998941435033886,0.07579583724287503,2.4593427599687234,1.0787423126686708
0.4351746162532136,0.5648253837467865,362.9501648327156,0.32974572646061406,0.3596546099915288,1.3906144870373167,1.4328344423858457
0.400534639709426,0.599465360290574,364.67427030538863,0.3306484175612238,0.2780658628279787,1.3918703491016204,1.3205731710284898
0.6135330960911721,0.3864669039088279,358.88863569201106,0.06312548961479073,0.5260571866453547,1.0651604974252846,1.6922469238963624
0.6323917778502909,0.3676082221497091,359.8669707652557,0.07600843642861896,0.553710008033148,1.0789716767864201,1.73969534363791
0.05439792957660363,0.9456020704233964,370.2697012204287,1.403457605644837,0.0008071463706970676,4.069245517135044,1.0008074722009872
0.3771203623339418,0.6228796376660581,366.0144997927958,0.3676630058752972,0.2718614462440053,1.4443552177281782,1.3124051500503853
0.6233427173999516,0.3766572826000484,360.12722765070407,0.11651227154145186,0.5117241928262046,1.1235712983343664,1.6681649548239008
0.5030735334084859,0.49692646659151407,362.51448773602016,0.22740386314690383,0.3825989880722296,1.2553367498281423,1.4660899925970425
0.8493600443645558,0.1506399556354442,355.7440460234529,-0.0059878346285120905,0.7246109471512296,0.9940300567252894,2.0639279666908745
0.6555197589865661,0.3444802410134339,360.6234716624034,0.075229193523762,0.5982749668497889,1.078131223263993,1.818978294573311
0.1696757385398011,0.8303242614601989,370.4908903256314,0.9461601739491764,0.09568221801494992,2.575800021824093,1.1004093181679657
0.07915737245242124,0.9208426275475787,369.5953686550734,1.2404023096894878,0.012208303598180191,3.4570039712310323,1.0122831291240968
0.6395708926421892,0.36042910735781075,358.0237132075609,0.06918352810061461,0.5586166514564558,1.071632865846204,1.7482523843604594
0.03598108433078938,0.9640189156692106,371.7461909465427,1.4211281416048673,0.004445658236533621,4.1417903315984645,1.004455554835309
0.5840600696479941,0.41593993035200594,360.53119054233173,0.09282012998061423,0.522585785503923,1.0972643525566323,1.6863826405221862
0.9314256365964584,0.06857436340354162,353.5022939881558,-0.012557203135547612,0.7631973223597344,0.9875213095628406,2.1451239201859713
0.5739646943183614,0.4260353056816386,359.997920554854,0.09716243140242854,0.4923902501196241,1.1020393648832856,1.6362225306653873
0.3904065276823915,0.6095934723176085,364.8844654401533,0.360224128070395,0.2904319405674227,1.433650699919455,1.3370048699613326
0.6404224540735061,0.35957754592649394,358.52947093695525,0.05733156203971618,0.5729467038678625,1.059006878672593,1.7734852953274798
0.4590878326816863,0.5409121673183137,362.59923061944954,0.255210565271746,0.35497905227085963,1.2907333758848467,1.4261507793483361
0.5447044535296163,0.4552955464703837,359.95048748423557,0.1176318886460693,0.4732580411153902,1.124829972463297,1.605215541147722
0.9326355126009946,0.06736448739900536,352.0352079060776,0.007022076412366405,0.7280071281891031,1.0070467890016355,2.0709493559206167
0.38838058504475875,0.6116194149552412,363.3898757281646,0.3798345743364606,0.2821759878301444,1.462042710042815,1.3260120614389999
0.9519667525474359,0.0480332474525641,351.56404655437063,-0.03974132512436501,0.7733667253107788,0.9610380033882827,2.167049847546772
0.8972436291169424,0.10275637088305756,354.778317226226,0.009027639936457388,0.733386047068052,1.0090685119779765,2.082118837445725
0.2018753120935105,0.7981246879064895,367.8300006043436,0.8354340113815519,0.09511233864547539,2.3058145809218997,1.0997823962514643
0.07797407485766214,0.9220259251423378,374.09424334416894,1.2286311196118747,0.041357857772612465,3.4165494862193526,1.0422250071382488
0.10876244134987811,0.8912375586501219,371.288611045656,1.1643858808656453,0.023675307327172802,3.203954669037822,1.0239577923167846
0.027857389138518734,0.9721426108614812,372.7317236488459,1.4778287481057284,0.0208927115751624,4.3834178367056476,1.0211124922095334
0.10255410154080982,0.8974458984591902,370.07134592146025,1.1407456104576956,0.05584503686423208,3.1291005857339984,1.0574338077808525
0.6793466379480297,0.32065336205197026,359.14245516783416,0.05023822598584594,0.6306288851063463,1.0515215663023876,1.8787917519651913
0.0797648754910244,0.9202351245089756,370.84745261938156,1.2566718773758008,0.04731061164963202,3.5137079552011246,1.0484476185523413
0.3225961176878861,0.6774038823121139,366.28780386670263,0.49591051104773837,0.21126038028860858,1.641992611045363,1.235233943762674
0.8379778047500654,0.16202219524993455,357.5678650654298,0.01714040267352661,0.7405644474513613,1.017288142273777,2.0971188939000647
0.03280649702110935,0.9671935029788906,372.3436794397683,1.428611141319979,-0.029502714394344362,4.172899597620041,0.9709282421554881
0.808179112937157,0.19182088706284295,356.8021955311962,0.014085430211105822,0.7140373353563095,1.014185097284635,2.0422197629082004
0.28621767927793196,0.713782320722068,366.25021081850684,0.5506676836806499,0.14257929519913198,1.7344106690512573,1.1532445240860063
0.12580153106922312,0.8741984689307769,370.3914083618543,1.0647847411916727,0.07833425523921174,2.9002146201191055,1.0814840899847642
0.6928024220568676,0.3071975779431324,359.9216281981043,0.02699879665387901,0.614527181249525,1.027366566485173,1.8487822539559025
0.6263639898442863,0.3736360101557137,358.9622525620834,0.06699819606975786,0.5498809320167257,1.0692935492418891,1.7330466552118902
0.8699225732565119,0.1300774267434881,356.12862484699343,0.0279489639217244,0.7683439722239203,1.0283432004780753,2.1561925807464264
0.730369622927808,0.26963037707219195,358.0452495990684,0.052127875613910385,0.6552966244289372,1.053510452195975,1.9257136463774214
0.7974113117771516,0.20258868822284837,355.3235783241304,0.024831701649977174,0.7449210184414362,1.025142576201261,2.106275071523078
0.28639388111988034,0.7136061188801197,367.5819802128101,0.5566645631453669,0.14716420220468585,1.7448429701376156,1.1585441829212269
0.18389075290412837,0.8161092470958716,370.14131964925235,0.8609130859699143,0.07531441718759112,2.365319447994013,1.0782231094723123
0.7456024566080411,0.25439754339195886,357.6295167766531,0.04963947951156092,0.6534390080299063,1.0508921599181595,1.922139729638965
0.8006980444819187,0.19930195551808128,354.244662617076,0.014864686107678314,0.6870792910109944,1.0149757150086638,1.987900965826729
0.9806950391606598,0.01930496083934019,351.19081522634684,0.04639079242463668,0.7776354021638603,1.0474836796691176,2.176320054753434
0.4143653233731979,0.5856346766268021,363.93147211341875,0.326390378188207,0.29779649456772034,1.385956310393415,1.3468876610316585
0.3745777240769275,0.6254222759230725,364.96595884463443,0.39232794057282844,0.2444159583630717,1.4804231226117808,1.276875347020608
0.7708847015271569,0.22911529847284307,357.0810183094877,0.01225175663834142,0.6761902956776792,1.0123271168592547,1.9663721478088492
0.3439874694479575,0.6560125305520426,365.880372287385,0.4514166505209598,0.19110355458761347,1.5705355102300143,1.2105848072011194
0.9221421790914934,0.07785782090850657,351.8502774639591,-0.002406055620237619,0.7773652706189504,0.9975968366114977,2.175732241451857
0.8512444968061516,0.14875550319384845,355.1007544951528,0.019052149745960784,0.7169742635143171,1.0192348000673765,2.0482264318948
0.430414146827518,0.569585853172482,364.442119466468,0.3120046768374674,0.33249503665610225,1.3661610823278754,1.3944429780676972
0.7458536464356674,0.25414635356433257,357.56205900259886,0.00958136236750486,0.6701612040359137,1.0096274105705858,1.9545523769726534
0.7494520166029887,0.25054798339701134,358.00514456609994,-0.0024008298401747598,0.6425531890556917,0.9976020498467788,1.901329140159872
0.11106139145921395,0.888938608540786,371.5794430294569,1.0854403674633366,0.021323042822774602,2.960743346739961,1.0215520033831715
0.8945018485459754,0.10549815145402464,354.243215058208,0.011839400374873424,0.7538108120796463,1.0119097634869916,2.1250828972363283
0.5051473249989,0.4948526750011,362.14339470231516,0.16934524641093912,0.4125337927503856,1.1845290227308256,1.5106405901455295
0.8199283167855868,0.18007168321441325,353.73759100807604,-0.03424719605954689,0.7540277710860593,0.9663326014994637,2.1255440031289874
0.32364860900999953,0.6763513909900005,366.57262583406606,0.4998469162912806,0.16001952449866277,1.6484688976509587,1.173533783426918
0.8876127639262764,0.11238723607372358,354.14087134815924,0.05190704500586996,0.7681500009606447,1.0532778305281771,2.1557743819082633
0.39141764515947985,0.6085823548405201,364.94738681949264,0.35762262749835966,0.26887955123698987,1.4299259039336836,1.3084975246460615
0.020620898450692392,0.9793791015493076,371.4268089727222,1.519420951902391,0.014437380344124158,4.569578423219149,1.0145421026848933
0.8972743368908783,0.10272566310912168,352.64295406590423,0.003181646575529296,0.7742752931709593,1.0031867133851693,2.1690196541056217
0.09946094325041088,0.9005390567495891,372.0498234319615,1.1649061171421902,0.007207545503821886,3.205621916128667,1.0072335823763081
0.32292736483860657,0.6770726351613934,366.1190673973875,0.5120425407057576,0.1903843692580498,1.6686960961393837,1.2097144853664483
0.9410607277097888,0.05893927229021123,353.45753594245565,-0.005543279973789146,0.7682578387675404,0.9944720556530022,2.156006868424963
0.941595003998805,0.058404996001194975,352.79278653955635,0.005602372488171045,0.8058217899730569,1.0056180951245615,2.2385353490463404
0.5719691303608204,0.4280308696391796,360.79662446718396,0.12980969028342643,0.48572186828381647,1.13861167383938,1.6253478725461041
0.6292004679264033,0.3707995320735967,360.46609367536934,0.06647931127017219,0.5885906433850614,1.068738852997063,1.8014477431684917
0.4494766115387534,0.5505233884612466,362.90278663196864,0.28407701897398374,0.338569208225279,1.3285352492343092,1.4029388405013214
0.2973465562641032,0.7026534437358968,366.80856783382313,0.5486292614821258,0.15632233438204696,1.7308788087762546,1.169203016688489
0.33209125446251764,0.6679087455374824,365.49794905218147,0.4586509469702328,0.1761798276812808,1.5819384260006981,1.1926525113035114
0.6690680869554977,0.3309319130445023,358.2301796899812,0.06725243110678475,0.5575730047287933,1.069565435687039,1.746428778246193
0.7473270388489264,0.2526729611510736,356.66119748545213,0.00688689158233001,0.6381404413327337,1.0069106607540699,1.8929575387930255
0.7857474628513316,0.21425253714866843,356.3607012009024,0.015578370618069297,0.7073802982674842,1.0157003460030893,2.0286697816072303
0.7838257799386628,0.21617422006133724,355.7014232426644,0.015248397668619941,0.7106952038600763,1.015365247653898,2.0354057888575836
0.09938198098771656,0.9006180190122834,372.2541362371894,1.1889102196577597,-0.009410928231174866,3.2835009620947635,0.9906332159660872
0.49453189860852986,0.5054681013914701,361.54877709290577,0.21360067000559174,0.4113660519811308,1.238128134360632,1.5088775831086612
0.0664075848163114,0.9335924151836886,371.52540414456547,1.3002847182929296,0.0004923746584249208,3.6703415322416784,1.000492495894724
0.5485383046772608,0.45146169532273916,360.83441464546314,0.16134467789013393,0.4607067604636021,1.175089926536472,1.585193941582396
0.4426998913459095,0.5573001086540905,365.01252523671474,0.30199531614206526,0.3640098930857486,1.352554891519685,1.439088451113069
0.8799500991031337,0.12004990089686629,354.2956351309287,0.013670820269723919,0.7802322882418777,1.0137646932187743,2.181979054713768
0.35389671230103714,0.6461032876989629,366.51998071815115,0.4287971205866542,0.22466140288738523,1.535409499817873,1.2518987551161485
0.12472567609905374,0.8752743239009463,368.9641287394185,1.044735672150957,0.016524029990664033,2.842647033560296,1.0166613068542394
0.15013184841177915,0.8498681515882208,370.16669574775426,0.9586718151257184,0.005802129970099254,2.608229960265673,1.0058189949279763
0.7562804190831228,0.24371958091687718,357.6661597224738,0.016159866674714078,0.6632899386964493,1.0162911435055844,1.9411681648674224
0.6158537020499358,0.38414629795006416,359.8990513398943,0.07669269922176503,0.5314350313105625,1.0797102296129966,1.7013720798312968
0.10910022260033443,0.8908997773996655,371.8534605557681,1.125903597170507,0.006838559292198829,3.0830013820059095,1.006861995631936
0.09242466999269748,0.9075753300073025,370.63171744455775,1.195711891972828,0.016682826813322168,3.3059103840642634,1.0168227622584507
0.6969497488299375,0.30305025117006246,359.4703853780174,0.053844857108192326,0.6237401747228374,1.055320863923383,1.8658937759310554
0.08130774623690964,0.9186922537630904,373.68858541759016,1.2378128989439008,0.010564484207380119,3.4480639476921713,1.0106204854048473
0.8154228581045491,0.18457714189545094,355.13325656159685,0.019235716126446468,0.7111017245252583,1.0194219144839227,2.0362333915801925
0.7021173826133663,0.2978826173866337,357.5036561450198,0.0423351853525404,0.6307103446002367,1.0432441002950228,1.8789448036241025
0.08972180502906177,0.9102781949709382,372.6609073982385,1.165823517160233,0.02706925613543084,3.2085641031072045,1.0274389567510716
0.09314095980348808,0.906859040196512,372.7130703659852,1.172953027244146,-0.0022096494707930688,3.231521332893065,0.9977927900074707
0.976906786931152,0.02309321306884804,351.4771080357873,-0.0028724658864896883,0.817855750875303,0.9971316556963317,2.265636536171371
0.3767853798409979,0.6232146201590021,364.5724097093465,0.3601662294040189,0.2535135418662879,1.4335676958588157,1.2885448286689198
0.3732293041255531,0.6267706958744469,364.78780095682123,0.40302064510659236,0.25186503314768277,1.4963377833977363,1.286422401185307
0.8065435759123525,0.19345642408764752,354.3438810704633,0.04159560329973857,0.731939439191007,1.0424728209290979,2.0791090054827284
0.9383036058361816,0.06169639416381845,351.9170749871625,0.024679555306523267,0.7881868351860538,1.0249866163714327,2.1994049251029244
0.9762810425464135,0.023718957453586542,351.0093746621181,-0.0042584918798813055,0.8086547653844065,0.995750562639239,2.244886056098656
0.7483106215537628,0.2516893784462372,356.1812774782569,0.05437669599583126,0.676437701669671,1.0558822738743432,1.9668587002462152
0.37873439382029744,0.6212656061797026,364.91571548640377,0.3837145049951099,0.2454336157903921,1.4677263533186007,1.2781754301086712
0.09183070236469539,0.9081692976353046,371.3960800263409,1.1901949008979336,0.026298782933040266,3.2877219248981993,1.0266476474482544
0.771603977608888,0.228396022391112,357.99527437758167,0.005989687977222196,0.6677587324001546,1.006007662026651,1.9498622565229424
0.557236164741089,0.44276383525891105,360.08748299261663,0.13064474051430752,0.47019913420392934,1.1395628688730464,1.6003128385128538
0.42573756906203675,0.5742624309379633,364.91710402828346,0.29243447029039976,0.3111449688899806,1.3396849445220596,1.3649870875064982
0.8982272973928412,0.10177270260715876,353.4893901672195,0.004908860401411544,0.766239937232542,1.004920928595578,2.1516606454554936
0.1189735326600283,0.8810264673399717,370.5247593082579,1.0955396708942557,0.02881394388495159,2.9907962936552877,1.0292330815509754
0.492772602205042,0.507227397794958,363.15629265442743,0.20632415938088558,0.3537258456102206,1.2291515804384225,1.4243646371290095
0.021126571872070687,0.9788734281279293,371.56988769740735,1.5090536583058631,-0.00991411367543218,4.522448986571608,0.9901348691421642
0.46928742915424376,0.5307125708457563,363.37233690499465,0.2603346404975962,0.36518344202400216,1.2973641646213019,1.440778283193309
0.0651772101682006,0.9348227898317993,371.9053656080715,1.3249490411542468,0.012986432293592675,3.761993643261456,1.0130711222150084
0.12644155794271048,0.8735584420572895,370.90499153454846,1.0349582763115026,0.014701495938644983,2.8149887814587293,1.0148100944643565
0.12517572184156278,0.8748242781584372,370.729114266038,1.0182349457596214,0.05989892849859534,2.768304242074634,1.0617292305547394
0.6462260960737423,0.35377390392625774,361.61450515991436,0.08791188573789253,0.5519239272147505,1.0918919065396355,1.7365908803912027
0.7411239816801148,0.25887601831988516,356.4669258123742,-0.0005724642212583363,0.6836584878377674,0.9994276996051209,1.9811123657470706
0.5817013897952165,0.41829861020478354,360.02516795593175,0.11057506987779946,0.5051600522240922,1.1169201929674004,1.6572507459030839
0.9529290975050511,0.04707090249494894,351.89594451259086,-0.023277618318787666,0.7736988543414172,0.9769912154617862,2.167769707248518
0.37737316793323,0.62262683206677,364.42439379508534,0.34722669463319256,0.2916536565365646,1.4151374930858074,1.3386393083682406
0.2899978445562235,0.7100021554437765,366.23415953805124,0.5805682940431804,0.13929595147612137,1.7870537142136078,1.1494642353065376
0.861227145625671,0.13877285437432896,355.6934488283118,0.01912735373154162,0.7710815387524491,1.0193114534688688,2.162103388307576
0.2291239217490636,0.7708760782509364,369.6099713421226,0.7186955409254984,0.1270451133434383,2.0517550337651405,1.1354682413947808
0.9539580886517991,0.046041911348200903,351.92606108693906,-0.05170512727584787,0.7733937368699982,0.949608839308065,2.1671083837326335
0.021911385196020015,0.97808861480398,371.8432629374019,1.485768918832798,0.02898932605701431,4.41836146830882,1.0294136065143438
0.9604812501734863,0.03951874982651371,352.82699649013045,0.007904828117758536,0.7828535599523123,1.007936153758411,2.1877061174972274
0.052296713711564594,0.9477032862884354,371.4655531038636,1.3313570419605392,0.01213338658733909,3.786177905190299,1.0122072947386163
0.8833202514241096,0.11667974857589036,354.6590483744235,0.005968280586361537,0.7690922910508473,1.0059861262579342,2.1578067041132085
0.5271470869045739,0.4728529130954261,361.94018858936727,0.16649670777049969,0.42970744431088737,1.1811596472153374,1.5368078558937586
0.9831055001969143,0.01689449980308566,350.3500218057396,0.01158793330798567,0.8062004681509436,1.0116553334985348,2.239383194053522
0.08232063344069088,0.9176793665593092,372.9152634873391,1.2375015827157747,0.0312978542857798,3.446990676501676,1.0317927820243584
0.5527771987132943,0.44722280128670566,362.97825132095267,0.12144460965345377,0.42780425246031994,1.1291268214670582,1.5338857972076814
0.959916484906717,0.040083515093283006,351.7550194112852,0.02400362703984962,0.813858090185027,1.0242940330391597,2.2565973698503288
0.5226358872867458,0.4773641127132542,361.44723148030596,0.1684955780401172,0.39377100870964804,1.1835229933420905,1.4825610162411171
0.6268106653725573,0.37318933462744275,359.865414485409,0.08086667997069155,0.5685644890972147,1.0842263378435495,1.7657305058573676
0.6918337152049249,0.30816628479507513,358.5062568558004,0.02684535825626433,0.6396029759909926,1.0272089410986511,1.8957280803127692
0.45545024347241775,0.5445497565275823,363.94804650149496,0.24679763038638736,0.32504725434479154,1.2799200696379762,1.3840960489873746
0.6250069184823822,0.3749930815176178,361.6288047536228,0.06491650873267146,0.5376898593326512,1.067069929644174,1.7120472203728327
0.5826280256846382,0.41737197431536177,360.35915601643353,0.11084070275386629,0.47557595274154624,1.11721692309949,1.6089406044289702
0.8931348502811692,0.10686514971883077,353.01533324687426,0.035982842152516716,0.7639738685872881,1.0366380598606075,2.146790355021928
0.05453745273462871,0.9454625472653713,370.58994492028074,1.3238244459243593,0.0007446742657820117,3.7577653011876775,1.000744951604501
0.2853439258003857,0.7146560741996143,366.24137396647967,0.5488119323660591,0.17418068426828204,1.7311950188185399,1.1902706095664137
0.9414032543950276,0.05859674560497241,352.7354925694739,0.029680673358951522,0.8104637155686204,1.0301255349003133,2.2489506183303014
0.882458508213098,0.11754149178690199,355.83933116070426,-0.0018319888866728173,0.7913969349753183,0.9981696881806884,2.2064765786736946
0.4565436177299987,0.5434563822700014,362.74821937710936,0.24073304993136227,0.3369214396489,1.272181381067889,1.400629025508266
0.617729945845506,0.382270054154494,359.99993462408366,0.1083707493270263,0.5335821621134242,1.1144608544135597,1.7050290728472601
0.28183355932151005,0.71816644067849,367.0318805446165,0.5776264292283959,0.12149245507000289,1.7818041692814426,1.1291808463025783
0.1943587365292861,0.805641263470714,370.130526627589,0.8706496452380235,0.06302713583773684,2.3884620025876027,1.065055740018922
0.4644244368411825,0.5355755631588175,365.622143368262,0.2566944020479515,0.3768318630469587,1.2926500351893717,1.4576592023891703
0.3562851834655318,0.6437148165344682,364.9055570050509,0.4140656044978178,0.2649679827798853,1.512956380372176,1.303389244209981
0.5819829896138546,0.41801701038614536,360.0606288323418,0.15798194879005503,0.4722556105402173,1.1711450539316173,1.6036072302542181
0.08617994422568513,0.9138200557743149,372.32836508458297,1.207408074780994,0.005012851054021782,3.3448039258635553,1.0050254364125883
0.9649069115128431,0.035093088487156865,352.94165685537325,0.014887290120605702,0.7879283856719785,1.0149986577921453,2.1988365634183413
0.9764865295900108,0.02351347040998919,353.8557739601123,0.00599585427424783,0.7952102582624567,1.0060138653878308,2.2149066502724044
